split,variant,group,scope,bin,n,rmse,mae,bias,pearson,building_rmse,building_mae,building_bias
val,hard_w0.50,ALL,overall,,25141448,3.2199340934714895,1.3365244257250224,-0.22252915949196664,0.9295444118408821,5.198229950669794,2.7891910863198768,-0.26020240511024734
val,hard_w0.50,DC,overall,,14655688,4.017817100359042,1.9267853457572304,-0.25130492608766203,0.9268832512212174,5.750940343463284,3.3220220543882584,-0.22553959598043277
val,hard_w0.50,PHL,overall,,10485760,1.515443872684635,0.511531303377668,-0.182309980606761,0.8553255967369497,2.778581129253991,1.0898042026389778,-0.37075439385873454
val,hard_w0.50,ALL,height_bin,0-2m,16091167,2.2565217402434423,0.5339782389976881,0.41077315981448886,nan,nan,nan,nan
val,hard_w0.50,ALL,height_bin,2-5m,2099985,2.672942339650546,1.823929726390304,-0.09715077678855973,nan,nan,nan,nan
val,hard_w0.50,ALL,height_bin,5-10m,3888060,2.8347320121043516,1.8460732246550462,-0.6486434677139891,nan,nan,nan,nan
val,hard_w0.50,ALL,height_bin,10-20m,1796008,5.034722444950652,3.6163933644956816,-1.9518045853269839,nan,nan,nan,nan
val,hard_w0.50,ALL,height_bin,20-50m,1234817,7.768822635064725,5.759656718667794,-4.520283713640002,nan,nan,nan,nan
val,hard_w0.50,ALL,height_bin,>50m,30937,20.040472078831062,12.705327696526433,-12.705327696526433,nan,nan,nan,nan
val,hard_w0.50,DC,height_bin,0-2m,8034249,3.1358700901616308,0.8928668659396769,0.760148254083469,nan,nan,nan,nan
val,hard_w0.50,DC,height_bin,2-5m,1072567,3.331480282807724,2.287010609730575,0.1676982976228729,nan,nan,nan,nan
val,hard_w0.50,DC,height_bin,5-10m,2654668,3.1211474094868352,2.0179631731582464,-0.44399099874534376,nan,nan,nan,nan
val,hard_w0.50,DC,height_bin,10-20m,1631540,5.0354421582553766,3.6018104192841025,-1.8062235849481998,nan,nan,nan,nan
val,hard_w0.50,DC,height_bin,20-50m,1232163,7.713932631128425,5.7299971310998155,-4.48795459618406,nan,nan,nan,nan
val,hard_w0.50,DC,height_bin,>50m,30027,13.056164990982925,10.536114592149938,-10.536114592149938,nan,nan,nan,nan
val,hard_w0.50,PHL,height_bin,0-2m,8056918,0.6028607147953586,0.17609938356934093,0.062381069718070024,nan,nan,nan,nan
val,hard_w0.50,PHL,height_bin,2-5m,1027418,1.7368705599268144,1.3404991520752503,-0.3736384158938187,nan,nan,nan,nan
val,hard_w0.50,PHL,height_bin,5-10m,1233392,2.0890523035677404,1.4761091371523767,-1.0891233479889186,nan,nan,nan,nan
val,hard_w0.50,PHL,height_bin,10-20m,164468,5.027577232148505,3.7610577273535055,-3.3959835463285293,nan,nan,nan,nan
val,hard_w0.50,PHL,height_bin,20-50m,2654,21.328635667106894,19.529606378246857,-19.529606378246857,nan,nan,nan,nan
val,hard_w0.50,PHL,height_bin,>50m,910,89.60492174861896,84.28220888895832,-84.28220888895832,nan,nan,nan,nan
val,hard_w0.75,ALL,overall,,25141448,3.1399309739524655,1.3191202579808055,-0.22061747394499776,0.9331849327232766,4.97727240324847,2.7141170515726682,-0.25541959554320676
val,hard_w0.75,DC,overall,,14655688,3.907002036360485,1.8952850859944108,-0.25130036013426976,0.931078441194247,5.486562615978925,3.2178445282098997,-0.23023893953330002
val,hard_w0.75,PHL,overall,,10485760,1.517904743067144,0.5138288956054454,-0.17773276106491287,0.8545688903654615,2.788684169220282,1.1075515213253186,-0.3357296358939853
val,hard_w0.75,ALL,height_bin,0-2m,16091167,2.170430646771718,0.5212044265831227,0.39804734926073165,nan,nan,nan,nan
val,hard_w0.75,ALL,height_bin,2-5m,2099985,2.7107953680852384,1.8290577542119941,-0.08352584154659877,nan,nan,nan,nan
val,hard_w0.75,ALL,height_bin,5-10m,3888060,2.8759495861492534,1.8661000570824702,-0.6612443855806327,nan,nan,nan,nan
val,hard_w0.75,ALL,height_bin,10-20m,1796008,5.008202481557524,3.583606557429091,-1.8884512556135817,nan,nan,nan,nan
val,hard_w0.75,ALL,height_bin,20-50m,1234817,7.378929705564884,5.546672415604266,-4.3901746914035025,nan,nan,nan,nan
val,hard_w0.75,ALL,height_bin,>50m,30937,19.85292575809694,12.744997632657503,-12.744997632657503,nan,nan,nan,nan
val,hard_w0.75,DC,height_bin,0-2m,8034249,3.0113919423459836,0.8670213006390152,0.7344290413210051,nan,nan,nan,nan
val,hard_w0.75,DC,height_bin,2-5m,1072567,3.388096136618254,2.29358336160219,0.19068900696479812,nan,nan,nan,nan
val,hard_w0.75,DC,height_bin,5-10m,2654668,3.174647099000182,2.0437911346130595,-0.47047025747176907,nan,nan,nan,nan
val,hard_w0.75,DC,height_bin,10-20m,1631540,5.005354429814635,3.560280829044893,-1.7493408954644847,nan,nan,nan,nan
val,hard_w0.75,DC,height_bin,20-50m,1232163,7.32009780642531,5.516497479999584,-4.357508733945358,nan,nan,nan,nan
val,hard_w0.75,DC,height_bin,>50m,30027,12.751075869096944,10.57610882700242,-10.57610882700242,nan,nan,nan,nan
val,hard_w0.75,PHL,height_bin,0-2m,8056918,0.6044152907104002,0.17636054526688222,0.06261210304703556,nan,nan,nan,nan
val,hard_w0.75,PHL,height_bin,2-5m,1027418,1.7424419301285905,1.3441189686917094,-0.3697908256361547,nan,nan,nan,nan
val,hard_w0.75,PHL,height_bin,5-10m,1233392,2.0931272969887074,1.4836500189713318,-1.0718534807575928,nan,nan,nan,nan
val,hard_w0.75,PHL,height_bin,10-20m,164468,5.036368222469181,3.815000256434095,-3.268440779397283,nan,nan,nan,nan
val,hard_w0.75,PHL,height_bin,20-50m,2654,21.352588627905156,19.555880847959525,-19.555880847959525,nan,nan,nan,nan
val,hard_w0.75,PHL,height_bin,>50m,910,89.6352790469955,84.31117803639947,-84.31117803639947,nan,nan,nan,nan
