scene,reference_kind,seconds,rmse_m,mae_m,bias_m,mse_m2,pearson_r,building_rmse_m,buildings,trees,screenshots
naip_philadelphia_cityhall,dsm,33.54,35.411095811474986,23.00542960455948,-9.000003367712793,1253.9457065694614,0.3634,47.4162,162,65,6
sikkim_namchi_town,none,359.26,,,,,,,750,3794,5
sikkim_chungthang_town,none,328.98,,,,,,,358,3536,5
sikkim_chungthang_forest,none,171.82,,,,,,,0,5084,5
naip_dc_suburbs_chevychase,dsm,332.89,3.9550404547125257,2.9020096963402207,-0.7923629015744686,15.642344998412662,0.8215,3.4516,1858,3468,6
naip_pittsburgh_hills,dsm,331.29,5.0209540949320175,3.328202177168315,-2.394079070541208,25.20998002341459,0.9406,6.9056,1557,1025,6
naip_smoky_mountains_forest,dsm,162.16,8.756055942019257,6.8358241140667815,5.554527780448552,76.66851565977073,0.9921,,0,4738,6
gamus_DC_04_27,ndsm,18.69,2.7887097451498155,1.6523000218426576,-0.30224097154529544,7.77690204269355,0.8975,2.1796,174,200,6
gamus_DC_12_17,ndsm,18.58,4.213259082464084,2.6399736938767857,-0.24738576950871827,17.751552095966098,0.8451,3.6951,176,205,6
gamus_DC_15_17,ndsm,18.62,4.1119065292781265,2.743940454145818,-0.48712895206147233,16.907775305520087,0.8386,2.9426,202,213,6
